,City,Lat,Lng,Temp,Humidity,Cloudiness,Wind Speed,Country,Date
0,fortuna,40.5982,-124.1573,52.0,87,90,19.57,US,1612568167
1,caravelas,-17.7125,-39.2481,80.2,80,97,14.56,BR,1612568135
2,ushuaia,-54.8,-68.3,46.4,76,75,25.32,AR,1612568062
3,nikolskoye,59.7035,30.7861,12.0,78,75,11.18,RU,1612568167
4,seoul,37.5683,126.9778,39.2,81,75,6.91,KR,1612568164
5,tiksi,71.6872,128.8694,-17.46,89,100,9.95,RU,1612568157
6,fare,-16.7,-151.0167,80.91,68,10,5.59,PF,1612568168
7,darhan,49.4867,105.9228,-1.46,86,72,2.13,MN,1612568168
8,carnarvon,-24.8667,113.6333,80.6,74,90,25.32,AU,1612568124
9,saint-joseph,-21.3667,55.6167,78.8,65,0,6.91,RE,1612568168
10,barrow,71.2906,-156.7887,-9.4,70,75,13.8,US,1612567874
11,cape town,-33.9258,18.4232,69.01,88,0,18.41,ZA,1612567983
12,tahara,34.6667,137.2667,48.0,87,86,11.23,JP,1612568169
13,rikitea,-23.1203,-134.9692,79.07,69,5,12.66,PF,1612568169
14,magadan,59.5667,150.8,-2.88,84,61,15.68,RU,1612568169
15,avarua,-21.2078,-159.775,86.0,66,75,13.8,CK,1612568128
16,punta arenas,-53.15,-70.9167,53.6,47,0,26.46,CL,1612568169
17,lavrentiya,65.5833,-171.0,2.44,92,100,14.83,RU,1612568139
18,gubkinskiy,64.434,76.5026,-6.48,91,100,13.38,RU,1612568170
19,provideniya,64.3833,-173.3,7.61,91,100,12.55,RU,1612568138
20,busselton,-33.65,115.3333,61.0,77,95,1.99,AU,1612568147
21,plettenberg bay,-34.0527,23.3716,67.64,91,3,3.91,ZA,1612568170
22,muli,2.9167,73.5667,80.92,76,89,11.83,MV,1612568170
23,ropczyce,50.0523,21.6089,28.99,68,0,8.05,PL,1612568170
24,ribeira grande,38.5167,-28.7,59.05,84,94,12.75,PT,1612568130
25,lebedinyy,58.5167,125.5167,-23.51,86,100,1.63,RU,1612568171
26,sainte-suzanne,-20.9061,55.6089,78.8,65,75,10.36,RE,1612568171
27,bluff,-46.6,168.3333,59.4,73,66,2.15,NZ,1612568171
28,butaritari,3.0707,172.7902,81.32,80,80,17.74,KI,1612568149
29,raudeberg,61.9875,5.1352,27.0,57,0,8.05,NO,1612568158
30,yellowknife,62.456,-114.3525,-31.0,68,90,11.5,CA,1612568150
31,belaya gora,68.5333,146.4167,-17.09,89,99,4.94,RU,1612568168
32,chokurdakh,70.6333,147.9167,-17.43,87,99,11.88,RU,1612568134
33,portland,45.5234,-122.6762,53.6,71,75,6.91,US,1612567875
34,mar del plata,-38.0023,-57.5575,73.0,49,0,5.75,AR,1612567879
35,emba,48.8264,58.1442,33.28,94,100,13.02,KZ,1612568172
36,rocha,-34.4833,-54.3333,59.07,85,2,5.01,UY,1612568172
37,manokwari,-0.8667,134.0833,81.16,72,98,5.17,ID,1612568172
38,yeppoon,-23.1333,150.7333,84.2,54,40,6.91,AU,1612567888
39,kahului,20.8947,-156.47,73.4,64,40,11.5,US,1612568173
40,arraial do cabo,-22.9661,-42.0278,75.97,93,100,7.99,BR,1612568173
41,hermanus,-34.4187,19.2345,66.99,88,4,1.01,ZA,1612568156
42,salalah,17.0151,54.0924,73.4,60,20,5.75,OM,1612568009
43,kaitangata,-46.2817,169.8464,63.0,64,46,7.0,NZ,1612568173
44,plouzane,48.3833,-4.6167,42.8,87,20,3.44,FR,1612568148
45,mehamn,71.0357,27.8492,26.28,93,100,20.4,NO,1612568174
46,fort frances,48.5999,-93.4003,1.99,66,90,13.8,CA,1612568174
47,nanortalik,60.1432,-45.2371,20.19,73,0,3.89,GL,1612568174
48,half moon bay,37.4636,-122.4286,64.4,93,90,13.8,US,1612568174
49,candido de abreu,-24.5669,-51.3333,66.07,68,0,1.92,BR,1612568174
50,tasiilaq,65.6145,-37.6368,24.8,50,75,2.3,GL,1612568174
51,albany,42.6001,-73.9662,37.99,69,85,6.82,US,1612568120
52,bredasdorp,-34.5322,20.0403,60.8,94,7,2.3,ZA,1612568056
53,san ciro de acosta,21.6333,-99.8167,74.37,54,0,8.61,MX,1612568175
54,aklavik,68.2191,-135.0107,-32.8,75,20,3.44,CA,1612568047
55,belmonte,-15.8631,-38.8828,80.6,74,20,13.8,BR,1612568175
56,egvekinot,66.3167,-179.1667,-9.17,93,100,15.64,RU,1612568175
57,wagar,16.1525,36.2032,57.34,36,0,9.46,SD,1612568175
58,saint george,37.1041,-113.5841,59.0,23,1,24.16,US,1612568107
59,itaituba,-4.2761,-55.9836,84.2,79,20,2.3,BR,1612568176
60,hobart,-42.8794,147.3294,71.01,78,75,8.05,AU,1612567985
61,biak,-0.9131,122.8766,78.84,75,100,3.18,ID,1612568176
62,kardla,58.9978,22.7492,12.0,85,100,4.0,EE,1612568176
63,alofi,-19.0595,-169.9187,78.8,89,100,14.97,NU,1612568176
64,atuona,-9.8,-139.0333,79.39,81,4,18.39,PF,1612568123
65,truth or consequences,33.1284,-107.2528,66.0,16,1,9.22,US,1612568177
66,ereymentau,51.6199,73.1033,26.91,98,78,8.57,KZ,1612568177
67,port hedland,-20.3167,118.5667,78.8,89,40,5.75,AU,1612568177
68,lompoc,34.6391,-120.4579,68.0,40,1,16.11,US,1612568152
69,bandundu,-3.3167,17.3667,74.53,86,65,0.36,CD,1612568138
70,skibbereen,51.55,-9.2667,41.0,93,75,6.91,IE,1612568178
71,vaini,-21.2,-175.2,84.2,84,75,6.91,TO,1612568178
72,port-cartier,50.0334,-66.8654,33.01,93,100,8.05,CA,1612568178
73,suntar,62.1444,117.6319,-38.54,80,43,2.91,RU,1612568179
74,vardo,70.3705,31.1107,24.8,79,75,12.66,NO,1612568145
75,grand gaube,-20.0064,57.6608,75.99,80,11,3.0,MU,1612568179
76,east london,-33.0153,27.9116,73.67,88,99,9.57,ZA,1612568179
77,ouango,4.3133,22.5552,70.66,80,4,1.39,CF,1612568179
78,georgetown,5.4112,100.3354,79.0,83,20,6.24,MY,1612568052
79,torbay,47.6666,-52.7314,36.0,100,90,27.63,CA,1612568019
80,kodiak,57.79,-152.4072,39.2,70,40,9.22,US,1612568054
81,upernavik,72.7868,-56.1549,5.36,71,87,6.13,GL,1612568179
82,jamestown,42.097,-79.2353,23.0,63,90,14.97,US,1612568151
83,treinta y tres,-33.2333,-54.3833,59.79,84,0,7.43,UY,1612568180
84,buala,-8.145,159.5921,85.51,68,42,10.78,SB,1612568180
85,yeniseysk,58.4497,92.1703,3.49,94,99,3.36,RU,1612568180
86,sola,-13.8833,167.55,81.43,79,53,11.25,VU,1612568180
87,jingdezhen,29.2947,117.2079,47.71,88,18,1.63,CN,1612568180
88,pangai,-19.8,-174.35,82.4,89,75,6.91,TO,1612568143
89,prachuap khiri khan,12.2167,99.75,73.4,64,20,1.9,TH,1612568181
90,coquimbo,-29.9533,-71.3436,62.6,82,40,11.5,CL,1612568181
91,faanui,-16.4833,-151.75,81.57,63,2,3.91,PF,1612567987
92,broome,42.2506,-75.833,33.8,47,20,18.41,US,1612568169
93,mataura,-46.1927,168.8643,73.51,48,62,3.04,NZ,1612568128
94,cidreira,-30.1811,-50.2056,68.23,72,5,14.83,BR,1612568072
95,moron,-34.6534,-58.6198,73.99,63,0,1.99,AR,1612567883
96,extremoz,-5.7056,-35.3072,78.8,78,0,5.75,BR,1612568182
97,meulaboh,4.1363,96.1285,76.12,86,26,4.14,ID,1612568182
98,bethel,41.3712,-73.414,36.0,86,1,3.44,US,1612568158
99,makakilo city,21.3469,-158.0858,78.8,44,1,12.66,US,1612568182
100,vila velha,-20.3297,-40.2925,82.4,74,75,11.5,BR,1612567986
101,puerto ayora,-0.7393,-90.3518,82.4,74,40,5.75,EC,1612568182
102,pringsewu,-5.3582,104.9744,73.83,92,97,3.2,ID,1612568182
103,cayenne,4.9333,-52.3333,77.0,100,75,4.61,GF,1612568183
104,tuktoyaktuk,69.4541,-133.0374,-31.0,68,75,8.05,CA,1612568056
105,vila,42.0304,-8.1588,45.0,92,100,8.7,PT,1612568183
106,langham,52.3668,-106.9679,-13.0,58,40,13.8,CA,1612568183
107,victoria,22.2855,114.1577,64.99,77,0,5.26,HK,1612568129
108,cobija,-11.0267,-68.7692,75.2,100,75,3.44,BO,1612568183
109,college,64.8569,-147.8028,-5.8,70,75,3.44,US,1612567993
110,saint-augustin,51.226,-58.6502,29.89,97,97,11.72,CA,1612568124
111,mineiros,-17.5694,-52.5511,71.58,91,98,4.76,BR,1612568183
112,te anau,-45.4167,167.7167,72.86,47,88,1.95,NZ,1612568160
113,dunedin,-45.8742,170.5036,60.01,70,87,27.0,NZ,1612567951
114,lampa,-33.2833,-70.9,75.99,56,0,12.66,CL,1612568184
115,upington,-28.4478,21.2561,71.6,23,0,4.61,ZA,1612568184
116,buzdyak,54.5833,54.55,34.86,97,100,9.35,RU,1612568184
117,avera,33.194,-82.5271,51.8,46,1,6.91,US,1612567935
118,englewood,39.6478,-104.9878,44.01,35,75,5.75,US,1612568184
119,zyryanka,65.75,150.85,-23.17,85,57,3.36,RU,1612568184
120,geraldton,-28.7667,114.6,60.8,88,90,25.32,AU,1612568050
121,bambous virieux,-20.3428,57.7575,77.0,83,75,3.44,MU,1612568185
122,cooma,-36.2333,149.1333,62.6,59,80,12.66,AU,1612568014
123,aleksandrovskoye,44.7142,43.0008,33.8,69,75,29.08,RU,1612568185
124,chuy,-33.6971,-53.4616,61.41,81,24,7.14,UY,1612568058
125,kudahuvadhoo,2.6708,72.8944,80.94,75,100,9.17,MV,1612568159
126,chernyakhiv,50.4565,28.6702,18.21,93,47,5.46,UA,1612568185
127,gudari,19.35,83.7833,57.83,81,0,1.83,IN,1612568186
128,dikson,73.5069,80.5464,-31.38,85,5,10.94,RU,1612568186
129,vanavara,60.34,102.2797,0.64,93,100,5.84,RU,1612568186
130,qaanaaq,77.484,-69.3632,-5.66,77,100,8.34,GL,1612568057
131,kichera,55.9375,110.0997,-3.46,80,98,1.14,RU,1612568186
132,vao,-22.6667,167.4833,78.55,84,0,10.0,NC,1612568166
133,lovington,32.944,-103.3485,62.01,15,0,4.0,US,1612568186
134,hamilton,39.1834,-84.5333,35.6,48,20,12.66,US,1612568187
135,ngunguru,-35.6167,174.5,68.0,66,100,9.53,NZ,1612568187
136,bairiki,1.3292,172.9752,84.2,74,75,9.22,KI,1612568187
137,kapaa,22.0752,-159.319,73.0,60,75,3.44,US,1612568187
138,sitka,57.0531,-135.33,37.4,93,90,5.75,US,1612568043
139,hithadhoo,-0.6,73.0833,82.2,79,100,13.29,MV,1612568133
140,ferrol,43.4832,-8.2369,51.01,73,100,5.01,ES,1612568187
141,lata,40.1629,-8.3327,51.01,93,100,1.99,PT,1612568187
142,santiago del estero,-27.7951,-64.2615,75.65,40,0,5.26,AR,1612568188
143,leningradskiy,69.3833,178.4167,-9.67,87,100,8.23,RU,1612567990
144,shasta lake,40.6804,-122.3708,71.6,24,1,10.36,US,1612568188
145,lebu,-37.6167,-73.65,59.04,89,5,5.59,CL,1612568036
146,levelland,33.5873,-102.378,61.0,13,1,3.44,US,1612567988
147,jumla,29.2747,82.1838,24.19,84,96,5.28,NP,1612568152
148,saiha,22.4833,92.9667,50.61,46,0,3.8,IN,1612568189
149,westport,41.1415,-73.3579,37.99,81,1,7.58,US,1612568189
150,fruitvale,39.0817,-108.4968,39.99,38,90,4.61,US,1612568188
151,lagoa,39.05,-27.9833,58.5,87,99,16.98,PT,1612568189
152,inhambane,-23.865,35.3833,78.42,86,93,6.89,MZ,1612568006
153,kloulklubed,7.0419,134.2556,77.0,94,90,12.66,PW,1612568104
154,jawhar,2.7809,45.5005,69.44,94,26,7.09,SO,1612568189
155,solnechnyy,50.7214,136.6319,-12.84,84,100,3.0,RU,1612568190
156,ascension,30.2169,-90.9001,46.4,76,90,5.75,US,1612568099
157,guerrero negro,27.9769,-114.0611,64.94,49,0,17.81,MX,1612568190
158,sydney,-33.8679,151.2073,75.99,78,100,12.66,AU,1612568133
159,flinders,-34.5833,150.8552,70.0,91,100,8.99,AU,1612567902
160,margate,51.3813,1.3862,44.01,91,30,1.01,GB,1612568190
161,teya,60.3778,92.6267,-3.12,89,100,4.23,RU,1612568191
162,port alfred,-33.5906,26.891,70.0,94,82,1.99,ZA,1612568127
163,new norfolk,-42.7826,147.0587,73.0,78,75,8.05,AU,1612568126
164,hilo,19.7297,-155.09,78.8,57,1,11.5,US,1612568156
165,teknaf,20.8624,92.3058,58.24,67,11,4.54,BD,1612568138
166,ancud,-41.8697,-73.8203,78.8,38,0,14.97,CL,1612568191
167,port elizabeth,-33.918,25.5701,69.8,94,90,8.05,ZA,1612568191
168,port hardy,50.6996,-127.4199,44.6,70,75,8.05,CA,1612568192
169,namibe,-15.1961,12.1522,71.24,78,39,6.31,AO,1612568146
170,acapulco,16.8634,-99.8901,84.2,61,1,4.61,MX,1612568128
171,cabedelo,-6.9811,-34.8339,78.8,83,20,5.75,BR,1612568192
172,acevedo,1.8361,-75.855,67.3,90,91,2.91,CO,1612568192
173,paraiso,9.8383,-83.8656,75.2,78,75,4.61,CR,1612568192
174,kavieng,-2.5744,150.7967,83.32,71,92,5.53,PG,1612568125
175,sainte-maxime,43.3,6.6333,55.0,87,100,4.61,FR,1612568193
176,bathsheba,13.2167,-59.5167,78.8,65,40,18.41,BB,1612568137
177,souillac,-20.5167,57.5167,77.0,83,75,3.44,MU,1612568078
178,karratha,-20.7377,116.8463,81.28,71,16,13.65,AU,1612568193
179,svetlyy,54.675,20.1347,15.8,86,75,6.71,RU,1612568173
180,kiunga,-6.1219,141.2906,83.89,69,100,3.06,PG,1612568193
181,san cristobal,7.7669,-72.225,82.4,65,75,5.75,VE,1612567996
182,kholodnyy,62.7167,147.95,-13.9,86,100,2.37,RU,1612568193
183,okhotsk,59.3833,143.3,-0.26,86,99,6.91,RU,1612568170
184,yerofey pavlovich,53.9667,121.9667,-15.57,84,94,4.16,RU,1612568194
185,carnot,4.9409,15.8665,71.44,26,63,3.38,CF,1612568194
186,longonjo,-12.9067,15.2533,62.78,75,91,1.99,AO,1612568194
187,husavik,66.0449,-17.3389,24.8,68,0,2.3,IS,1612568194
188,mrakovo,52.7161,56.6244,34.3,92,100,11.36,RU,1612568194
189,warren,39.4334,-84.1666,34.0,69,40,8.05,US,1612568108
190,marshfield,44.6689,-90.1718,8.01,72,90,11.5,US,1612568058
191,dwarka,22.2394,68.9678,67.73,52,0,14.29,IN,1612568195
192,palana,59.1167,159.9667,-1.21,91,24,5.57,RU,1612568195
193,morant bay,17.8815,-76.4093,82.4,74,20,19.57,JM,1612568195
194,concepcion del oro,24.6333,-101.4167,65.37,26,0,11.63,MX,1612568195
195,santo tomas,14.1079,121.1414,80.01,78,75,1.14,PH,1612568195
196,gat,31.61,34.7642,59.0,100,39,2.39,IL,1612568195
197,ilulissat,69.2167,-51.1,8.6,36,2,11.5,GL,1612568195
198,zaoyang,32.1272,112.7542,43.77,79,30,6.38,CN,1612568196
199,constitucion,-35.3333,-72.4167,58.01,87,18,1.59,CL,1612568196
200,adrar,20.5022,-10.0711,61.48,34,49,9.04,MR,1612568196
201,milcoiu,45.05,24.4667,37.22,91,51,0.83,RO,1612568196
202,hasaki,35.7333,140.8333,35.6,93,75,2.3,JP,1612568045
203,narsaq,60.9167,-46.05,17.6,49,0,2.3,GL,1612568197
204,mukhen,48.1,136.1,2.08,92,100,5.28,RU,1612568197
205,presidente epitacio,-21.7633,-52.1156,71.83,77,0,6.04,BR,1612568197
206,srbac,45.0978,17.525,42.8,93,100,1.14,BA,1612568197
207,aljezur,37.3191,-8.8033,52.0,100,88,4.0,PT,1612568031
208,mbekenyera,-10.0,38.9833,70.23,95,17,2.68,TZ,1612568197
209,andapa,-14.65,49.65,67.98,91,60,1.72,MG,1612568197
210,codrington,-38.2667,141.9667,63.79,70,17,15.7,AU,1612568197
211,pochutla,15.7432,-96.4661,80.01,78,75,12.66,MX,1612568198
212,oranjemund,-28.55,16.4333,61.92,91,3,8.66,NA,1612568186
213,gravdal,68.1214,13.5031,30.2,80,40,8.05,NO,1612568198
214,abalak,58.1286,68.5944,33.37,98,100,9.04,RU,1612568198
215,ponta do sol,32.6667,-17.1,51.01,69,35,5.01,PT,1612567988
216,mwinilunga,-11.7358,24.4293,64.76,93,99,1.34,ZM,1612568198
217,kruisfontein,-34.0033,24.7314,72.0,86,10,1.99,ZA,1612568198
218,buin,-33.7333,-70.75,75.99,56,0,5.75,CL,1612568198
219,clyde river,70.4692,-68.5914,-14.8,76,90,11.5,CA,1612568199
220,padang,-0.9492,100.3543,73.4,94,40,5.61,ID,1612567911
221,suruc,36.9761,38.425,39.2,65,0,8.05,TR,1612568199
222,skovby,56.1534,9.957,25.0,80,9,8.01,DK,1612568199
223,urusha,54.05,122.9,-19.34,83,68,3.94,RU,1612568199
224,saint-philippe,-21.3585,55.7679,78.8,65,0,6.91,RE,1612568199
225,pundaguitan,6.3711,126.1689,81.16,75,55,11.3,PH,1612568199
226,yatou,37.15,122.3833,40.53,72,0,8.01,CN,1612568200
227,lynden,48.9465,-122.4521,46.4,81,75,9.22,US,1612568200
228,san clemente,33.427,-117.612,70.0,66,0,6.17,US,1612567954
229,sovetskiy,61.3614,63.5842,20.19,98,100,6.15,RU,1612568200
230,laranjeiras do sul,-25.4078,-52.4161,58.89,86,0,4.97,BR,1612568142
231,hanmer springs,-42.5167,172.8167,70.2,32,100,4.81,NZ,1612568200
232,dingle,10.9995,122.6711,78.84,85,91,10.36,PH,1612568200
233,mabaruma,8.2,-59.7833,74.16,87,68,4.83,GY,1612568200
234,mazyr,52.0495,29.2456,16.7,96,35,8.52,BY,1612568201
235,mahebourg,-20.4081,57.7,77.0,83,75,3.44,MU,1612568201
236,bengkulu,-3.8004,102.2655,76.17,83,82,5.26,ID,1612568201
237,mahon,39.8885,4.2658,62.6,63,0,16.11,ES,1612568201
238,terekli-mekteb,44.1671,45.8698,36.0,74,60,17.87,RU,1612568201
239,macusani,-14.0833,-70.4333,40.48,86,89,6.53,PE,1612568201
240,winneba,5.3511,-0.6231,82.4,83,0,4.61,GH,1612568201
241,deputatskiy,69.3,139.9,-24.83,88,94,1.32,RU,1612568201
242,cordoba,-31.4135,-64.1811,78.01,68,0,6.91,AR,1612568202
243,sao jose da coroa grande,-8.8978,-35.1478,78.48,81,5,8.93,BR,1612568075
244,turukhansk,65.8167,87.9833,-26.75,86,100,6.26,RU,1612568137
245,cabo san lucas,22.8909,-109.9124,82.4,34,1,10.36,MX,1612568018
246,griffith,41.5284,-87.4237,14.0,67,1,18.41,US,1612568202
247,pasni,25.2631,63.471,65.34,40,0,5.28,PK,1612568202
248,lazaro cardenas,17.9583,-102.2,78.93,67,1,5.35,MX,1612568195
249,katsuura,35.1333,140.3,44.6,57,40,2.3,JP,1612568179
250,berlevag,70.8578,29.0864,24.8,86,75,26.46,NO,1612568203
251,dingli,35.8614,14.3822,60.01,94,0,5.75,MT,1612568203
252,the valley,18.217,-63.0578,78.8,69,40,12.66,AI,1612568203
253,stephenville,32.2207,-98.2023,59.0,33,1,5.75,US,1612568203
254,severo-kurilsk,50.6789,156.125,15.58,82,69,5.32,RU,1612568128
255,carmen,18.6333,-91.8333,86.0,48,1,9.22,MX,1612568203
256,castro,-24.7911,-50.0119,60.96,56,0,1.36,BR,1612568203
257,hofn,64.2539,-15.2082,37.26,78,100,16.78,IS,1612568156
258,tibati,6.4667,12.6333,69.17,24,77,4.5,CM,1612568204
259,krasnovishersk,60.4078,57.082,35.62,97,100,8.68,RU,1612568204
260,puerto varas,-41.3195,-72.9854,71.6,60,0,11.5,CL,1612568204
261,nador,35.174,-2.9287,59.0,77,0,3.44,MA,1612568204
262,maarianhamina,60.0973,19.9348,12.2,79,20,11.5,AX,1612568204
263,necochea,-38.5473,-58.7368,78.01,45,0,9.6,AR,1612567971
264,marzuq,14.4,46.4667,55.65,35,0,5.7,YE,1612568204
265,isangel,-19.55,169.2667,84.2,79,20,3.44,VU,1612567979
266,la palma,33.8464,-118.0467,72.0,46,1,6.91,US,1612568205
267,gravelbourg,49.8834,-106.5512,-9.4,70,100,13.8,CA,1612568205
268,copiapo,-27.3667,-70.3333,64.4,72,75,11.5,CL,1612568092
269,pevek,69.7008,170.3133,-16.29,85,25,1.07,RU,1612568015
270,montijo,38.7067,-8.9739,53.6,87,40,9.22,PT,1612568202
271,esperance,-33.8667,121.9,60.8,94,90,8.05,AU,1612568014
272,sakaiminato,35.55,133.2333,44.6,87,20,2.3,JP,1612568021
273,molina,-35.1167,-71.2833,73.4,60,0,9.22,CL,1612568101
274,bam,29.106,58.357,53.6,35,0,4.7,IR,1612568206
275,shenjiamen,29.9576,122.298,48.36,90,54,8.9,CN,1612568206
276,ullapool,57.8987,-5.1604,36.0,72,100,21.0,GB,1612568206
277,saint anthony,45.0205,-93.218,10.4,61,20,16.11,US,1612568150
278,zhigalovo,54.8097,105.1578,1.62,90,99,3.49,RU,1612568206
279,lincoln,40.8,-96.667,26.6,54,1,6.91,US,1612567992
280,eyl,7.9803,49.8164,70.84,80,12,11.39,SO,1612568207
281,kayerkan,69.3497,87.7602,-28.73,83,98,2.91,RU,1612568207
282,harper,4.375,-7.7169,79.47,89,22,9.44,LR,1612568207
283,batticaloa,7.7102,81.6924,76.71,86,99,8.46,LK,1612568034
284,midland,31.9974,-102.0779,66.2,16,1,10.36,US,1612568066
285,korla,41.7597,86.1469,25.27,83,0,2.08,CN,1612568143
286,krasnoarmeysk,51.0239,45.6969,17.01,59,99,7.0,RU,1612568207
287,xinan,26.72,119.8556,58.05,80,29,2.48,CN,1612568207
288,mormugao,15.4,73.8,71.91,62,0,5.37,IN,1612568208
289,chiang rai,19.9167,99.9167,69.01,100,40,1.95,TH,1612568208
290,svetlogorsk,52.6333,29.7333,12.85,96,81,7.99,BY,1612568208
291,tura,25.5198,90.2201,59.32,48,0,2.28,IN,1612568149
292,upata,8.0086,-62.3989,78.01,84,90,1.01,VE,1612568124
293,tiarei,-17.5333,-149.3333,82.4,69,75,4.61,PF,1612568209
294,ullal,12.8,74.85,73.4,88,3,5.3,IN,1612568209
295,odweyne,9.4092,45.064,60.39,47,6,1.79,SO,1612568209
296,klaksvik,62.2266,-6.589,32.0,100,20,4.61,FO,1612568155
297,yulara,-25.2406,130.9889,73.4,28,9,16.11,AU,1612567992
298,gimli,50.6336,-96.9907,-4.0,65,100,14.97,CA,1612568209
299,chicama,-7.8447,-79.1469,69.8,88,75,8.05,PE,1612568209
300,san patricio,28.017,-97.5169,64.4,59,90,11.5,US,1612568003
301,tautira,-17.7333,-149.15,82.4,69,75,4.61,PF,1612568209
302,baglung,28.2719,83.5898,41.76,61,15,6.96,NP,1612568210
303,pacifica,37.6138,-122.4869,57.0,93,90,13.8,US,1612568210
304,bonfim,3.0833,-59.95,81.27,62,31,8.08,BR,1612568210
305,lorengau,-2.0226,147.2712,84.11,68,75,6.38,PG,1612568210
306,honolulu,21.3069,-157.8583,75.2,46,40,5.75,US,1612568080
307,gasa,31.5,34.4667,59.0,100,1,6.08,PS,1612568210
308,beringovskiy,63.05,179.3167,-5.44,88,100,8.21,RU,1612568210
309,valledupar,10.4631,-73.2532,84.79,51,82,9.4,CO,1612567940
310,yumen,40.2833,97.2,29.66,71,100,17.27,CN,1612568132
311,khani,41.9563,42.9566,48.2,87,90,14.97,GE,1612568211
312,thompson,55.7435,-97.8558,-18.4,63,75,14.97,CA,1612568211
313,olafsvik,64.8945,-23.7142,38.16,78,92,25.57,IS,1612568211
314,kaseda,31.4167,130.3167,48.2,93,75,3.44,JP,1612568211
315,visby,57.6409,18.296,21.2,93,75,3.44,SE,1612568211
316,tuatapere,-46.1333,167.6833,67.28,65,90,5.68,NZ,1612568016
317,guaruja,-23.9931,-46.2564,75.99,26,87,7.78,BR,1612568212
318,saint-georges,12.0564,-61.7485,78.8,78,20,23.02,GD,1612567912
319,cockburn town,21.4612,-71.1419,80.6,69,40,11.5,TC,1612568121
320,haines junction,60.7522,-137.5108,-5.8,59,97,1.63,CA,1612568212
321,aswan,24.0934,32.907,58.14,50,0,10.98,EG,1612568212
322,bow island,49.8668,-111.3684,1.4,85,100,14.97,CA,1612568212
323,talnakh,69.4865,88.3972,-27.47,83,84,4.56,RU,1612568213
324,taoudenni,22.6783,-3.9836,77.2,19,94,10.31,ML,1612568213
325,gighera,43.85,23.8,44.01,93,18,5.75,RO,1612568213
326,bayangol,50.6977,103.4656,-13.74,86,27,2.08,RU,1612568213
327,voskresenskoye,56.8381,45.4317,3.92,94,100,9.28,RU,1612568213
328,flin flon,54.7682,-101.865,-16.6,63,20,13.8,CA,1612567932
329,nevinnomyssk,44.6267,41.9453,26.6,86,0,22.37,RU,1612568213
330,zalantun,48.0,122.7167,-2.79,86,47,4.65,CN,1612568213
331,elizabeth city,36.2946,-76.2511,48.99,93,90,9.22,US,1612568214
332,sabzevar,36.2126,57.6819,47.39,47,65,2.1,IR,1612568214
333,ridgecrest,35.6225,-117.6709,69.8,13,1,3.44,US,1612567954
334,rio muerto,27.4167,-110.2333,78.8,19,1,12.66,MX,1612568214
335,kibala,9.1104,18.3463,77.0,29,0,5.53,TD,1612568214
336,cootamundra,-34.65,148.0333,75.0,53,67,3.0,AU,1612568214
337,sedona,34.8697,-111.761,59.0,25,1,6.91,US,1612568088
338,tagusao,9.1924,117.8141,79.84,81,100,5.46,PH,1612568215
339,tateyama,34.9833,139.8667,45.0,66,77,1.99,JP,1612567929
340,broken hill,-31.95,141.4333,69.8,52,0,18.41,AU,1612568215
341,kabinda,-6.1333,24.4833,68.41,94,100,1.07,CD,1612568215
342,alice springs,-23.7,133.8833,78.01,35,90,12.66,AU,1612568215
343,trosna,52.4446,35.7791,5.67,95,100,8.9,RU,1612568215
344,pisco,-13.7,-76.2167,71.6,83,0,17.27,PE,1612568059
345,saskylakh,71.9167,114.0833,-28.95,84,89,5.75,RU,1612568215
346,shymkent,42.3,69.6,41.0,65,100,6.71,KZ,1612568216
347,cherskiy,68.75,161.3,-16.04,77,1,0.4,RU,1612568216
348,khorixas,-20.3667,14.9667,72.97,48,39,1.97,NA,1612568216
349,krasnaya gora,52.9995,31.6023,15.8,86,75,13.42,RU,1612568216
350,ati,13.2154,18.3353,68.97,23,0,17.07,TD,1612568216
351,altamont,42.2068,-121.7372,48.2,49,1,10.36,US,1612568216
352,hobyo,5.3505,48.5268,75.96,75,41,15.12,SO,1612568176
353,yamada,39.4667,141.95,42.01,79,90,9.37,JP,1612568217
354,shawville,45.6001,-76.4827,28.0,67,100,9.86,CA,1612568217
355,moree,-29.4667,149.85,77.0,61,90,9.22,AU,1612568217
356,truckee,39.328,-120.1833,48.2,29,1,6.91,US,1612567927
357,sao joao da barra,-21.6403,-41.0511,76.28,94,97,7.05,BR,1612568128
358,esso,55.9333,158.7,2.37,87,95,5.5,RU,1612568217
359,laguna,38.421,-121.4238,62.6,39,1,3.44,US,1612568004
360,san policarpo,12.1791,125.5072,81.3,81,69,10.51,PH,1612568218
361,shirokiy,49.758,129.523,-15.45,89,87,5.53,RU,1612568218
362,brigantine,39.4101,-74.3646,46.4,71,1,5.75,US,1612568218
363,iqaluit,63.7506,-68.5145,23.0,86,75,27.63,CA,1612568042
364,prince rupert,54.3161,-130.3201,39.2,75,90,3.44,CA,1612567925
365,khatanga,71.9667,102.5,-33.99,78,10,7.29,RU,1612567988
366,touros,-5.1989,-35.4608,78.8,78,0,5.75,BR,1612568219
367,sibolga,1.7427,98.7792,75.22,80,85,4.23,ID,1612568124
368,ambilobe,-13.2,49.05,73.99,92,82,2.26,MG,1612568048
369,burgos,42.3394,-3.7079,44.6,100,75,9.22,ES,1612568219
370,kalemie,-5.9475,29.1947,71.58,79,98,3.31,CD,1612568219
371,riyadh,24.6877,46.7219,69.8,28,20,6.91,SA,1612568219
372,vanimo,-2.6741,141.3028,82.02,73,92,3.65,PG,1612568219
373,urucurituba,-2.6833,-57.6667,81.25,72,77,0.63,BR,1612568219
374,shuyskoye,59.3736,41.0305,-2.76,91,100,7.85,RU,1612568220
375,saldanha,-33.0117,17.9442,62.6,88,0,6.91,ZA,1612568068
376,lokomotivnyy,53.0118,60.5684,32.18,98,100,17.45,RU,1612568220
377,xining,36.6167,101.7667,19.92,57,95,2.21,CN,1612568027
378,gallup,35.5281,-108.7426,46.4,29,1,18.41,US,1612568220
379,cairns,-16.9167,145.7667,78.8,89,75,6.91,AU,1612568220
380,zlobin,45.2924,14.6541,53.6,87,75,3.44,HR,1612568221
381,zhezkazgan,47.8043,67.7144,20.41,96,36,7.65,KZ,1612568221
382,neuquen,-38.9516,-68.0591,96.8,20,0,8.05,AR,1612568221
383,sakakah,29.9697,40.2064,53.6,82,0,9.22,SA,1612568165
384,tanout,14.9709,8.8879,63.93,26,0,14.88,NE,1612568221
385,sao geraldo do araguaia,-6.4006,-48.555,76.23,91,86,2.44,BR,1612568222
386,osakarovka,50.565,72.5692,27.82,98,98,7.99,KZ,1612568222
387,srednekolymsk,67.45,153.6833,-23.48,84,6,0.54,RU,1612568155
388,mount gambier,-37.8333,140.7667,62.6,72,40,13.8,AU,1612568002
389,talaya,61.3833,152.75,-22.27,83,99,2.35,RU,1612568222
390,loandjili,-4.7561,11.8578,80.6,89,40,2.3,CG,1612568222
391,teguise,29.0605,-13.564,55.4,82,40,2.3,ES,1612568222
392,skovorodino,53.9833,123.9167,-20.78,82,68,3.67,RU,1612568223
393,ahipara,-35.1667,173.1667,71.17,65,100,3.62,NZ,1612568033
394,havre-saint-pierre,50.2334,-63.5986,32.0,86,90,13.8,CA,1612568083
395,synya,65.3718,58.0387,-11.69,90,96,9.13,RU,1612568223
396,mayor pablo lagerenza,-19.9309,-60.7718,77.85,40,61,5.37,PY,1612568223
397,vestmanna,62.1564,-7.1664,32.0,100,20,4.61,FO,1612568223
398,fairbanks,64.8378,-147.7164,-5.8,65,90,4.61,US,1612568137
399,abu kamal,34.4506,40.9171,53.51,85,78,12.62,SY,1612568095
400,walvis bay,-22.9575,14.5053,64.99,94,54,5.75,NA,1612568155
401,kemijarvi,66.7131,27.4306,16.21,96,98,7.29,FI,1612568224
402,savelugu,9.6244,-0.8253,85.89,16,50,6.22,GH,1612568224
403,sorong,-0.8833,131.25,82.89,75,100,4.36,ID,1612568167
404,puerto leguizamo,-0.1934,-74.7819,74.62,96,100,2.48,CO,1612568224
405,urumqi,43.801,87.6005,10.4,85,28,2.24,CN,1612568224
406,aurillac,44.9167,2.45,52.0,76,100,16.11,FR,1612568224
407,norman wells,65.282,-126.8329,-27.4,68,75,2.3,CA,1612568224
408,bilma,18.6853,12.9164,63.12,28,0,8.32,NE,1612568225
409,emden,53.3667,7.2167,34.0,97,100,7.0,DE,1612568225
410,richards bay,-28.783,32.0377,75.43,91,98,2.17,ZA,1612568225
411,south lake tahoe,38.9332,-119.9844,55.4,20,1,5.75,US,1612568001
412,atagay,55.1033,99.3875,4.64,91,96,4.16,RU,1612568226
413,pacific grove,36.6177,-121.9166,59.0,62,1,6.91,US,1612568121
414,udachnyy,66.4167,112.4,-37.62,78,25,2.15,RU,1612568199
415,betioky,-23.7167,44.3833,74.66,89,94,1.23,MG,1612568226
416,asau,46.4333,26.4,34.0,75,100,1.74,RO,1612568226
417,beloha,-25.1667,45.05,75.06,94,95,3.6,MG,1612568226
418,tual,-5.6667,132.75,83.73,77,99,20.29,ID,1612568002
419,nizhniy tsasuchey,50.5167,115.1333,-5.4,86,10,8.75,RU,1612568079
420,longyearbyen,78.2186,15.6401,24.8,86,75,9.22,SJ,1612568153
421,camacha,33.0833,-16.3333,57.2,67,40,17.27,PT,1612568227
422,nemuro,43.3236,145.575,31.84,99,100,12.82,JP,1612568126
423,montegrotto terme,45.3315,11.7912,48.0,83,75,1.59,IT,1612568227
424,yarensk,62.1675,49.0916,-5.17,89,100,9.95,RU,1612568227
425,shingu,33.7333,135.9833,50.0,66,75,2.3,JP,1612568227
426,kyra,49.5776,111.9753,-7.82,83,27,5.5,RU,1612568228
427,durban,-29.8579,31.0292,75.99,88,0,1.14,ZA,1612568113
428,lengshuijiang,27.6881,111.4294,45.73,87,0,0.72,CN,1612568228
429,harsin,34.2721,47.5861,42.8,87,90,4.61,IR,1612568228
430,tahta,26.7693,31.5021,55.4,71,0,9.22,EG,1612568228
431,camana,-16.6228,-72.7111,71.1,76,77,3.96,PE,1612568228
432,boueni,-12.9025,45.0761,80.6,83,0,3.44,YT,1612568229
433,sokoni,-6.4333,39.55,80.62,76,43,7.49,TZ,1612568229
434,yining,29.0361,114.5636,48.56,89,48,0.47,CN,1612568172
435,viedma,-40.8135,-62.9967,73.0,65,0,1.01,AR,1612568177
436,sadao,6.6388,100.4234,77.0,100,75,4.61,TH,1612568229
437,jacmel,18.2342,-72.5347,76.26,80,7,0.65,HT,1612568229
438,marsa matruh,31.3525,27.2453,59.0,77,40,6.91,EG,1612568016
439,guarapari,-20.6667,-40.4975,82.4,74,75,11.5,BR,1612567989
440,auki,-8.7676,160.7034,82.87,76,79,9.78,SB,1612568067
441,rio grande,-32.035,-52.0986,64.0,87,34,15.57,BR,1612568034
442,hauterive,46.0901,3.4459,42.8,100,90,1.14,FR,1612568210
443,balakhta,55.38,91.6,6.42,92,99,2.64,RU,1612568230
444,puerto escondido,15.85,-97.0667,82.4,69,75,9.22,MX,1612568217
445,yangliuqing,39.1375,116.9997,28.4,59,0,2.24,CN,1612568230
446,mildura,-34.2,142.15,68.0,68,75,12.66,AU,1612568230
447,vila franca do campo,37.7167,-25.4333,55.99,94,75,3.44,PT,1612568149
448,adelaide,-34.9333,138.6,64.99,94,40,23.02,AU,1612568231
449,abbeville,50.1,1.8333,44.01,77,100,2.84,FR,1612568231
450,stafford,52.8052,-2.1164,41.0,84,78,4.99,GB,1612568182
451,kouango,4.9934,19.9619,75.51,36,12,3.49,CF,1612568231
452,vestmannaeyjar,63.4427,-20.2734,40.66,69,65,26.51,IS,1612568231
453,roald,62.5833,6.1333,28.4,59,90,10.36,NO,1612568099
454,alyangula,-13.8483,136.4192,80.6,89,90,14.97,AU,1612568231
455,boende,-0.2167,20.8667,73.54,84,100,2.64,CD,1612568232
456,uthal,25.8072,66.6219,54.16,42,0,2.37,PK,1612568232
457,bitung,1.4451,125.1824,77.0,94,20,2.3,ID,1612568232
458,luderitz,-26.6481,15.1594,70.75,51,0,20.22,NA,1612568232
459,vostok,46.4856,135.8833,3.34,94,100,2.84,RU,1612568068
460,kurilsk,45.2333,147.8833,22.69,92,100,7.36,RU,1612568233
461,anadyr,64.75,177.4833,0.0,85,40,17.9,RU,1612568233
462,beaupre,47.0443,-70.8953,28.4,86,100,1.14,CA,1612568233
463,eatonton,33.3268,-83.3885,51.8,37,40,5.75,US,1612568233
464,najran,17.4924,44.1277,64.4,27,0,11.25,SA,1612568052
465,ambunti,-4.2365,142.8448,74.91,96,98,2.08,PG,1612568233
466,canoinhas,-26.1772,-50.39,63.1,55,0,5.19,BR,1612568233
467,manggar,-2.8833,108.2667,80.22,82,75,12.03,ID,1612568233
468,moldova sulita,47.6833,25.25,34.0,86,99,1.99,RO,1612568234
469,west bay,19.3667,-81.4167,79.0,89,75,10.36,KY,1612568234
470,khash,28.2211,61.2158,41.04,49,0,1.48,IR,1612568234
471,santa rosa,14.3122,121.1114,80.01,78,75,1.14,PH,1612568234
472,mayo,38.8876,-76.5119,48.2,53,90,13.8,US,1612568234
473,lake elsinore,33.6681,-117.3273,71.01,29,0,5.01,US,1612568229
474,aksarka,66.5606,67.7975,-20.96,87,100,12.95,RU,1612568235
475,borgarnes,64.5383,-21.9206,35.6,64,0,16.11,IS,1612568235
476,lewistown,40.5992,-77.5714,35.6,60,75,12.66,US,1612568235
477,sivaki,52.6333,126.75,-17.41,86,88,5.08,RU,1612568235
478,humaita,-7.5061,-63.0208,75.67,96,100,1.19,BR,1612568235
479,butgenbach,50.4269,6.205,42.01,100,75,1.14,BE,1612568235
480,hope mills,34.9704,-78.9453,48.2,100,1,4.61,US,1612568236
481,bratsk,56.1325,101.6142,3.2,85,40,6.71,RU,1612568236
482,hami,42.8,93.45,26.33,86,82,2.08,CN,1612568064
483,kirakira,-10.4544,161.9205,84.16,74,53,10.92,SB,1612568236
484,andenes,69.3143,16.1194,32.0,80,100,29.93,NO,1612568236
485,tilichiki,60.4667,166.1,3.16,96,100,9.24,RU,1612568032
486,umm kaddadah,13.6017,26.6876,57.45,36,0,13.29,SD,1612568236
487,moose factory,51.2585,-80.6094,26.6,93,90,11.5,CA,1612568237
488,turaiyur,11.1667,78.6167,71.6,83,20,9.22,IN,1612568237
489,presidente dutra,-5.29,-44.49,75.56,89,80,3.53,BR,1612568237
490,marsh harbour,26.5412,-77.0636,72.05,75,0,10.29,BS,1612568237
491,severodvinsk,64.5635,39.8302,1.4,71,40,8.95,RU,1612568160
492,campo maior,-4.8278,-42.1686,79.41,68,72,8.9,BR,1612568237
493,ponta delgada,37.7333,-25.6667,55.99,94,75,3.44,PT,1612568212
494,komsomolskiy,40.4272,71.7189,41.0,42,100,4.61,UZ,1612568238
495,sharan,54.8167,54.0,34.65,96,100,11.21,RU,1612568238
496,ornskoldsvik,63.2909,18.7153,12.2,92,0,10.36,SE,1612568238
497,grado,43.388,-6.0743,51.01,93,90,6.91,ES,1612568238
498,airai,-8.9266,125.4092,62.92,100,100,3.83,TL,1612568238
499,detva,48.5608,19.4195,33.01,70,100,1.88,SK,1612568238
500,kristiansund,63.1115,7.732,24.8,63,75,3.44,NO,1612568239
501,martin,27.0837,-80.4164,75.2,46,40,6.91,US,1612568239
502,sambava,-14.2667,50.1667,75.79,87,30,5.39,MG,1612568239
503,manaus,-3.1019,-60.025,84.2,74,75,3.44,BR,1612567986
504,phayakkhaphum phisai,15.5163,103.1937,66.99,82,0,9.22,TH,1612568239
505,sechura,-5.5569,-80.8222,79.07,60,13,16.89,PE,1612568239
506,maxixe,-23.8597,35.3472,77.85,88,100,6.73,MZ,1612568240
507,porto de moz,-1.7483,-52.2383,81.46,66,97,5.44,BR,1612568240
508,takoradi,4.8845,-1.7554,79.47,89,2,10.02,GH,1612568240
509,sai buri,6.7013,101.6168,75.34,86,85,11.65,TH,1612568240
510,bonthe,7.5264,-12.505,77.68,79,28,6.51,SL,1612568140
511,maniitsoq,65.4167,-52.9,17.06,73,77,6.26,GL,1612568127
512,faya,18.3851,42.4509,55.4,43,0,16.11,SA,1612568168
513,kavaratti,10.5669,72.642,80.51,75,4,12.82,IN,1612568176
514,garowe,8.4054,48.4845,61.07,93,3,7.34,SO,1612568241
515,ayan,56.45,138.1667,-9.99,82,99,13.09,RU,1612568137
516,passi,11.15,122.65,78.3,86,87,8.21,PH,1612568241
517,dauphin,51.1494,-100.0502,-7.6,64,75,9.22,CA,1612568241
518,yar-sale,66.8333,70.8333,-18.06,88,100,11.01,RU,1612568012
519,mastung,29.7994,66.845,37.44,60,0,0.89,PK,1612568242
520,lambarene,-0.7001,10.2406,77.18,90,100,2.95,GA,1612568242
521,khokhryaki,56.9156,53.3221,33.01,96,100,3.0,RU,1612568242
522,mackay,-21.15,149.2,80.6,83,75,4.61,AU,1612568150
523,cao bang,22.6667,106.25,58.78,87,0,1.19,VN,1612568242
524,baykit,61.67,96.37,-5.6,87,99,2.33,RU,1612568242
525,petatlan,17.5167,-101.2667,84.2,70,40,5.75,MX,1612568242
526,acarau,-2.8856,-40.12,78.01,83,16,12.64,BR,1612568001
527,kayes,14.0,-11.0,76.03,19,83,9.84,ML,1612568175
528,nouadhibou,20.931,-17.0347,64.4,72,40,6.91,MR,1612568243
529,grants pass,42.439,-123.3284,50.0,71,75,1.05,US,1612567979
530,kropotkin,45.4375,40.5756,31.98,90,32,15.26,RU,1612568243
531,port lincoln,-34.7333,135.8667,65.73,73,95,16.46,AU,1612568243
532,borogontsy,62.6683,131.1683,-39.19,80,100,1.86,RU,1612568243
533,dingzhou,38.5131,114.9956,33.8,40,0,2.24,CN,1612568243
534,nome,64.5011,-165.4064,15.8,79,90,28.77,US,1612568141
535,zhangjiakou,40.81,114.8794,24.85,88,3,4.61,CN,1612568244
536,castlebar,53.85,-9.3,42.01,3,23,6.04,IE,1612568244
537,san vicente,-26.6167,-54.1333,62.11,71,0,3.91,AR,1612568244
538,teignmouth,50.5477,-3.4964,37.99,92,0,1.99,GB,1612568244
539,bereda,43.2686,-7.5406,46.0,100,100,10.0,ES,1612568244
540,eureka,40.8021,-124.1637,54.0,82,1,8.99,US,1612568182
541,kapoeta,4.7717,33.5903,78.08,20,50,8.1,SS,1612568083
542,zemio,5.0314,25.1361,75.18,21,5,7.18,CF,1612568245
543,devils lake,48.1128,-98.8651,-0.4,71,1,18.41,US,1612568245
544,murray bridge,-35.1167,139.2667,64.99,84,14,8.99,AU,1612568245
545,tukums,56.9669,23.1553,10.4,85,90,1.14,LV,1612568245
546,timbiqui,2.7717,-77.6654,77.09,91,100,2.39,CO,1612568245
547,maldonado,-34.6667,-54.9167,66.2,77,20,5.75,UY,1612568246
548,uruacu,-14.5247,-49.1408,73.56,91,100,5.37,BR,1612568246
549,hambantota,6.1241,81.1185,76.42,78,98,12.19,LK,1612568194
550,zaporizhzhya,47.8167,35.1833,23.0,80,75,6.71,UA,1612568246
551,zhaotong,27.3167,103.7167,38.89,86,81,0.69,CN,1612568246
552,torit,4.4133,32.5678,75.24,23,43,1.12,SS,1612568246
553,portales,34.1862,-103.3344,57.99,13,1,5.75,US,1612567965
554,botevgrad,42.9,23.7833,35.6,100,77,4.34,BG,1612568247
555,jiuquan,39.7432,98.5174,26.69,74,64,5.82,CN,1612568247
556,venado tuerto,-33.7456,-61.9688,73.99,45,0,5.41,AR,1612568247
557,cape canaveral,28.4058,-80.6048,78.8,73,1,6.91,US,1612568008
558,puerto cabezas,14.0351,-83.3888,82.4,89,40,4.61,NI,1612568247
559,the pas,53.8251,-101.2541,-14.8,64,1,18.41,CA,1612568247
560,pochinki,54.6988,44.8668,1.09,92,100,11.99,RU,1612568247
561,lulea,65.5842,22.1547,17.6,93,40,10.36,SE,1612567995
562,muros,42.7762,-9.0603,51.01,81,100,8.01,ES,1612568248
563,chizhou,30.6578,117.4831,45.91,92,0,4.21,CN,1612568248
564,mount vernon,40.9126,-73.8371,39.99,83,93,7.94,US,1612568132
565,rosignano marittimo,43.4079,10.4729,48.99,93,20,3.44,IT,1612568248
566,port-gentil,-0.7193,8.7815,78.8,100,20,8.95,GA,1612568248
567,arrifes,37.7667,-25.7,55.99,94,75,3.44,PT,1612568248
568,rorvik,64.8621,11.2373,24.76,91,15,6.67,NO,1612568249
569,oussouye,12.485,-16.5469,75.2,78,0,9.22,SN,1612568249
570,goderich,43.7501,-81.7165,21.2,68,100,26.46,CA,1612568249
571,kendari,-3.945,122.4989,80.74,80,31,1.79,ID,1612568043
572,stromness,58.965,-3.296,35.6,69,90,20.71,GB,1612568249
573,jequitinhonha,-16.4339,-41.0033,77.31,73,96,3.29,BR,1612568249
574,chake chake,-5.2459,39.7666,77.09,85,9,4.79,TZ,1612568249
575,taywarah,33.35,64.4167,27.95,64,0,0.92,AF,1612568250
576,aquiraz,-3.9014,-38.3911,80.6,78,40,9.22,BR,1612568250
577,poum,-20.2333,164.0167,79.88,72,5,8.34,NC,1612568250
578,paratebueno,4.3758,-73.2155,84.45,53,92,2.33,CO,1612568250
579,anloga,5.7947,0.8973,84.2,84,20,6.91,GH,1612568096
580,kinlochleven,56.7115,-4.9661,39.99,67,97,4.0,GB,1612568251
581,pulandian,39.3953,121.9669,32.0,69,0,2.24,CN,1612568251
582,newport,51.5877,-2.9984,37.99,88,1,1.01,GB,1612568251
583,rahatgarh,23.7833,78.3667,52.81,64,6,6.33,IN,1612568251
584,la ronge,55.1001,-105.2842,-18.4,63,94,12.66,CA,1612568251
585,bandarbeyla,9.4942,50.8122,73.47,71,17,8.95,SO,1612568054
586,valle de banderas,20.8,-105.2333,75.2,69,1,9.22,MX,1612568251
